<?xml version="1.0" encoding="UTF-8"?>
<!DOCTYPE hibernate-mapping PUBLIC
        "-//Hibernate/Hibernate Mapping DTD 3.0//EN"
        "http://hibernate.sourceforge.net/hibernate-mapping-3.0.dtd">

<hibernate-mapping package="net.viralpatel.hibernate">

    <class name="Employee" table="EMPLOYEE">
 		<id name="id" column="ID">
            <generator class="native"/>
        </id>
        <property name="firstname" />
        <property name="lastname" column="lastname"/>
        <property name="birthDate" type="date" column="birth_date"/>
        <property name="cellphone" column="cell_phone"/>
	</class>

</hibernate-mapping>