<?xml version="1.0" encoding="UTF-8"?>
<!DOCTYPE hibernate-mapping PUBLIC
        "-//Hibernate/Hibernate Mapping DTD 3.0//EN"
        "http://hibernate.sourceforge.net/hibernate-mapping-3.0.dtd">

<hibernate-mapping package="net.viralpatel.hibernate">

    <class name="Department" table="DEPARTMENT">

 		<id name="departmentId" type="java.lang.Long" column="DEPARTMENT_ID" >
			<generator class="native" />
		</id>
		
        <property name="departmentName" column="DEPT_NAME"/>

		<bag name="employees" table="employee" 
				inverse="true" lazy="true" fetch="select">
            <key>
                <column name="employee_id" not-null="true" />
            </key>
            <one-to-many class="net.viralpatel.hibernate.Employee" />
        </bag>
                
	</class>
</hibernate-mapping>